จังหวัด,โรคสมองเสื่อม,ติดแอลกอฮอล์,ติดยาบ้า (Amphetamine),ติดสารเสพติดอื่นๆ,โรคจิตเภท,โรคจิตอื่นๆ,โรคอารมณ์สองขั้ว,โรคชึมเศร้า,โรควิตกกังวล,ความบกพร่องทางสติปัญญา,ความบกพร่องทางการเรียนรู้,โรคออทิสติก,โรคสมาธิสั้น,พยามยามฆ่าตัวตาย (การตั้งใจทำร้ายตนเอง),ผู้ป่วยติดเกมส์ในผู้ใหญ่ (15 ปีขึ้นไป),ผู้ป่วยติดเกมส์ในเด็ก (อายุต่ำกว่า 15 ปี),โรคทางจิตเวชอื่นๆ,โรคลมชัก,รวม,ปี,pro_code
กรุงเทพมหานคร,1018,365,359,468,1967,412,437,12215,2686,1134,508,1195,2351,665,28,48,3600,1884,31340,2563,10
สมุทรปราการ,146,326,435,198,888,227,46,4839,1095,138,181,166,804,405,0,6,1631,741,12272,2563,11
นนทบุรี,630,468,429,787,1636,348,339,3917,2555,512,303,395,1162,343,7,12,4403,1410,19656,2563,12
ปทุมธานี,179,215,493,423,1439,409,84,3060,1603,213,139,224,440,179,4,3,3123,783,13013,2563,13
พระนครศรีอยุธยา,78,375,597,680,720,207,44,3332,878,52,57,60,134,240,2,0,1841,419,9716,2563,14
อ่างทอง,162,239,291,141,507,128,60,1766,569,249,66,191,216,70,0,3,767,291,5716,2563,15
ลพบุรี,198,543,830,815,1280,355,82,3714,1597,118,203,101,456,294,0,2,2359,694,13641,2563,16
สิงห์บุรี,142,124,198,81,371,113,22,1564,541,18,8,18,51,77,0,0,1181,148,4657,2563,17
ชัยนาท,222,295,380,2147,800,194,42,2626,1601,51,10,17,60,113,0,2,2830,404,11794,2563,18
สระบุรี,219,365,307,392,1457,233,146,2814,1454,174,262,116,427,226,0,1,2706,878,12177,2563,19
ชลบุรี,983,666,1382,1631,1643,715,174,3552,2755,250,95,195,450,553,0,12,4564,2006,21626,2563,20
ระยอง,825,803,1737,736,1395,897,359,2377,5138,158,103,156,609,365,4,1,2935,2024,20622,2563,21
จันทบุรี,292,481,308,998,1295,332,297,1939,1346,200,198,131,447,426,3,0,2225,1122,12040,2563,22
ตราด,138,541,597,429,680,217,74,1259,579,120,208,51,250,88,0,0,1130,648,7009,2563,23
ฉะเชิงเทรา,124,1107,504,983,657,284,25,2457,556,64,75,39,170,133,0,1,1328,584,9091,2563,24
ปราจีนบุรี,138,404,745,102,940,225,36,1057,1268,77,43,63,244,143,0,1,1069,711,7266,2563,25
นครนายก,75,88,169,396,314,44,23,732,332,49,39,47,145,53,0,2,318,164,2990,2563,26
สระแก้ว,147,706,966,306,1341,403,85,1553,1866,146,72,65,151,229,1,1,2270,677,10985,2563,27
นครราชสีมา,1549,11229,2496,13608,7219,2560,749,11001,8874,815,261,343,1067,628,1,8,12271,3722,78401,2563,30
บุรีรัมย์,422,3193,2409,6797,5132,1824,225,6704,2835,170,76,80,455,484,2,3,4500,2511,37822,2563,31
สุรินทร์,206,2689,850,4595,2543,864,61,4673,2185,119,104,64,320,366,0,5,3032,1057,23733,2563,32
ศรีสะเกษ,974,7847,4876,6193,7400,4560,366,9242,15676,916,293,376,2732,539,2,12,6013,3828,71845,2563,33
อุบลราชธานี,891,6666,6210,5664,8870,3280,632,10240,14187,1218,319,658,2741,262,2,51,10385,5627,77903,2563,34
ยโสธร,111,653,345,1145,1898,712,89,2190,1452,140,41,117,384,76,0,4,1098,454,10909,2563,35
ชัยภูมิ,393,6355,925,16569,2524,1110,168,5457,2262,274,69,96,359,315,2,2,2132,927,39939,2563,36
อำนาจเจริญ,160,578,530,255,1583,450,51,1801,1233,172,68,99,350,97,0,8,984,617,9036,2563,37
บึงกาฬ,30,232,358,260,633,158,22,1319,206,28,7,24,35,99,0,7,330,239,3987,2563,38
หนองบัวลำภู,667,256,117,101,1093,184,36,3199,1358,71,14,35,46,126,0,0,859,448,8610,2563,39
ขอนแก่น,1206,4358,2974,4334,5726,2190,478,7404,9760,591,396,388,1046,512,7,35,6460,2560,50425,2563,40
อุดรธานี,553,1344,2134,745,3724,866,444,4999,7642,368,112,281,501,265,1,2,2534,2329,28844,2563,41
เลย,134,333,348,716,1203,220,15,3121,1175,69,70,46,114,287,0,2,964,557,9374,2563,42
หนองคาย,108,289,468,229,724,240,41,2630,1365,66,37,105,191,106,3,0,889,480,7971,2563,43
มหาสารคาม,619,23338,1911,22773,2857,1770,272,3419,2653,279,140,205,572,131,12,11,2498,2085,65545,2563,44
ร้อยเอ็ด,294,3814,1981,5188,4642,1559,137,3789,3368,433,432,193,919,239,2,6,2994,1579,31569,2563,45
กาฬสินธุ์,318,1043,1794,889,3851,2428,169,3349,4199,215,197,120,437,157,3,8,3461,1464,24102,2563,46
สกลนคร,469,28733,1220,30734,3448,793,169,5270,3480,370,163,199,576,252,1,259,3156,1942,81234,2563,47
นครพนม,94,271,222,104,1485,297,63,2373,3221,66,32,48,112,163,0,7,942,413,9913,2563,48
มุกดาหาร,64,267,611,216,979,540,13,2863,1571,67,100,51,218,59,0,5,563,285,8472,2563,49
เชียงใหม่,663,2855,2749,3034,3092,936,480,10935,4436,828,1785,1136,3370,542,2,24,6613,2678,46158,2563,50
ลำพูน,501,1192,1527,844,1605,338,174,4023,2289,264,1045,168,916,166,0,4,3004,1402,19462,2563,51
ลำปาง,531,1207,1366,427,2057,711,44,3811,4129,639,1337,412,2353,166,2,2,3081,2007,24282,2563,52
อุตรดิตถ์,130,437,667,638,909,189,22,1583,797,92,139,106,764,87,0,1,1728,612,8901,2563,53
แพร่,59,361,267,440,790,112,13,2123,829,47,82,96,112,131,0,0,1021,322,6805,2563,54
น่าน,289,2315,1328,2095,1221,440,298,2181,2971,326,113,214,1654,144,1,2,2486,1403,19481,2563,55
พะเยา,152,1634,987,7990,1107,403,94,3414,1502,127,191,200,285,247,1,3,2526,697,21560,2563,56
เชียงราย,228,1114,1061,2612,2204,431,86,6636,2471,187,143,211,517,489,0,0,3580,1380,23350,2563,57
แม่ฮ่องสอน,77,440,66,150,528,123,23,1570,952,76,60,89,228,76,0,1,1207,556,6222,2563,58
นครสวรรค์,354,903,610,851,2086,724,111,5407,2731,150,48,44,129,376,1,3,4053,1078,19659,2563,60
อุทัยธานี,132,1161,211,1159,458,331,17,1657,698,58,10,13,56,137,0,0,2186,431,8715,2563,61
กำแพงเพชร,165,1059,645,2383,1068,438,69,2603,1579,102,230,58,332,277,0,1,3602,1200,15811,2563,62
ตาก,318,1634,634,1507,1845,498,82,2509,2146,197,545,195,730,286,1,0,1897,1745,16769,2563,63
สุโขทัย,81,624,482,489,891,160,20,3030,735,73,53,26,47,180,0,0,1275,369,8535,2563,64
พิษณุโลก,103,1327,306,4619,746,182,14,4233,706,78,32,28,51,285,0,1,1773,456,14940,2563,65
พิจิตร,409,468,168,183,1244,420,74,2365,1278,126,201,50,190,128,0,2,3765,700,11771,2563,66
เพชรบูรณ์,272,930,1146,1044,2133,888,100,3857,2055,354,366,162,518,261,0,4,3828,1135,19053,2563,67
ราชบุรี,297,443,1050,474,1318,497,166,2995,1637,120,162,85,429,269,1,0,3141,1070,14154,2563,70
กาญจนบุรี,92,1680,393,7400,687,162,18,2513,545,64,53,59,212,431,0,1,2132,680,17122,2563,71
สุพรรณบุรี,155,199,357,1296,774,183,25,3650,711,61,38,47,159,410,0,2,2133,530,10730,2563,72
นครปฐม,480,316,435,797,1453,499,230,2916,1710,272,176,220,814,311,2,13,3428,1243,15315,2563,73
สมุทรสาคร,411,355,167,189,884,341,136,1913,1318,282,511,262,1111,99,1,31,1962,739,10712,2563,74
สมุทรสงคราม,26,10,5,16,143,13,11,500,437,21,11,26,42,55,0,1,873,27,2217,2563,75
เพชรบุรี,187,145,646,268,1079,183,119,1915,1036,140,121,143,783,193,0,0,2152,826,9936,2563,76
ประจวบคีรีขันธ์,315,437,912,562,1601,301,191,2131,1636,318,199,216,742,179,2,1,1718,1233,12694,2563,77
นครศรีธรรมราช,314,495,1630,1898,2687,890,110,5529,4206,194,375,168,730,399,1,2,5631,1474,26733,2563,80
กระบี่,110,119,348,445,1452,615,156,1579,1405,267,218,280,706,93,0,0,915,962,9670,2563,81
พังงา,42,159,333,264,650,159,36,1627,548,25,13,12,35,87,0,0,626,259,4875,2563,82
ภูเก็ต,216,162,126,347,616,228,114,1336,869,140,120,300,638,82,2,2,967,719,6984,2563,83
สุราษฎร์ธานี,476,647,882,1445,1757,533,144,4467,3265,468,648,477,1846,441,0,6,3579,2210,23291,2563,84
ระนอง,68,125,214,148,423,147,44,946,514,47,5,54,143,70,0,0,1064,365,4377,2563,85
ชุมพร,155,258,612,552,1066,368,141,1468,1337,202,75,166,601,92,0,1,1446,847,9387,2563,86
สงขลา,678,1013,1799,20750,3124,1690,568,5789,5903,472,906,285,1882,559,1,3,5833,2448,53703,2563,90
สตูล,62,66,124,966,689,266,83,1462,1304,51,70,34,164,92,0,0,1025,419,6877,2563,91
ตรัง,21,21,49,298,416,90,8,3364,385,12,10,9,36,266,0,0,512,142,5639,2563,92
พัทลุง,241,311,465,614,1370,595,411,2718,3057,71,90,80,301,115,1,1,3114,939,14494,2563,93
ปัตตานี,114,105,255,3016,1378,224,115,2301,1604,95,66,61,156,66,0,0,1148,455,11159,2563,94
ยะลา,23,15,31,153,300,66,26,1864,731,19,10,12,14,61,0,0,658,112,4095,2563,95
นราธิวาส,106,140,529,13803,2674,1010,128,2268,2142,206,262,97,302,79,0,2,2665,1118,27531,2563,96
ไม่ระบุจังหวัด,30687,79175,102924,83820,145676,56179,6569,88533,171263,20677,18660,17140,55048,5318,110,590,198160,108667,1189196,2563,0
รวม,54718,217656,172012,302814,283065,104911,17845,355537,356988,38118,34680,30199,100888,23510,216,1234,398852,194367,2687610,2563,0
กรุงเทพมหานคร,3025,1883,1974,1686,13255,2612,2613,13460,12185,2031,905,2526,4501,539,95,210,14174,5088,77674,2564,10
สมุทรปราการ,726,999,1192,360,3810,907,591,5313,4340,1383,876,2154,3755,425,15,136,10707,2507,37689,2564,11
นนทบุรี,992,657,491,592,3164,670,356,5293,4403,832,342,683,1536,222,23,47,5940,1988,26243,2564,12
ปทุมธานี,404,481,526,486,2767,661,128,3212,2342,343,204,355,652,156,4,15,3566,1312,16302,2564,13
พระนครศรีอยุธยา,344,878,1725,678,2259,963,197,3381,2538,297,159,281,670,263,2,12,4288,1591,18935,2564,14
อ่างทอง,310,309,611,251,959,208,1442,2253,928,204,95,233,338,77,0,6,1224,567,9448,2564,15
ลพบุรี,606,1372,1321,958,2030,668,197,3767,2834,330,456,311,1008,231,2,12,3832,1597,19935,2564,16
สิงห์บุรี,518,281,417,202,701,284,150,1588,1223,97,57,67,287,68,0,5,958,468,6903,2564,17
ชัยนาท,477,454,785,208,1109,426,78,2548,2676,133,37,59,213,124,1,5,1118,859,10451,2564,18
สระบุรี,443,790,637,368,2510,475,127,3001,2214,386,570,292,1121,193,1,7,4474,1713,17609,2564,19
ชลบุรี,710,1512,2436,869,3360,1561,511,4037,4217,580,234,529,937,474,5,86,5614,3762,27672,2564,20
ระยอง,418,683,1440,1329,1494,1031,316,2520,3799,152,96,186,593,349,4,12,2633,2157,17055,2564,21
จันทบุรี,441,946,656,805,1810,606,448,2210,2179,333,363,183,772,364,12,11,2677,1806,14816,2564,22
ตราด,161,569,675,471,751,263,80,1292,799,112,272,68,251,97,1,4,805,743,6671,2564,23
ฉะเชิงเทรา,460,1107,1304,316,1875,769,330,2756,1638,259,187,215,947,235,5,10,3358,1645,15771,2564,24
ปราจีนบุรี,284,687,792,423,1324,330,435,1167,1182,136,66,101,348,113,0,11,2100,1086,9499,2564,25
นครนายก,216,386,1043,520,886,128,291,818,793,111,53,62,165,47,2,9,816,563,6346,2564,26
สระแก้ว,301,1336,1753,702,1978,774,136,1760,2462,322,131,204,428,199,1,10,2332,1159,14829,2564,27
นครราชสีมา,2288,6357,3850,2720,8723,3739,308,12441,9820,1257,422,713,2364,745,4,43,10875,6471,66669,2564,30
บุรีรัมย์,1073,5219,3971,2946,6580,2302,260,6864,4355,793,443,279,1957,432,5,26,6847,4613,44352,2564,31
สุรินทร์,566,4601,2125,1055,5332,2119,667,5097,4615,382,281,246,1479,278,0,36,5511,3289,34390,2564,32
ศรีสะเกษ,907,6412,3819,2872,6716,4205,278,8784,8429,696,229,327,2094,500,3,29,6227,3870,52527,2564,33
อุบลราชธานี,999,6154,6361,6320,8082,3108,109,9792,10764,1073,297,599,3043,241,5,57,9190,5993,66194,2564,34
ยโสธร,207,1058,1302,224,2421,1103,214,2284,1770,310,65,100,871,64,2,9,2105,1351,14109,2564,35
ชัยภูมิ,769,3227,3754,1768,4261,2184,347,5569,4480,333,251,233,963,296,2,42,4965,2858,33444,2564,36
อำนาจเจริญ,230,1048,1014,118,1686,705,167,1877,1712,182,107,98,623,142,0,5,1702,950,11416,2564,37
บึงกาฬ,139,736,1935,236,1622,588,431,1283,797,96,30,96,237,166,1,129,1313,855,9835,2564,38
หนองบัวลำภู,261,1192,978,243,2166,668,529,3181,1506,173,56,89,215,101,4,19,1384,1105,12765,2564,39
ขอนแก่น,1460,4539,5184,3653,6775,2691,632,7832,9407,733,529,622,1851,541,9,126,9455,4468,56039,2564,40
อุดรธานี,738,2776,4032,1840,5748,1529,214,5076,4253,569,155,351,540,242,3,29,4760,3674,32855,2564,41
เลย,463,1602,2189,81,2351,967,232,3323,4522,351,153,158,597,317,3,21,2574,1613,19904,2564,42
หนองคาย,217,852,1290,146,1705,710,135,1731,1192,129,78,136,277,106,3,9,1960,1174,10676,2564,43
มหาสารคาม,650,4088,2693,4110,3050,1879,404,3478,2801,262,110,221,605,146,33,42,3125,2410,27697,2564,44
ร้อยเอ็ด,442,3960,3011,2655,5620,2175,283,3909,3922,375,164,368,1505,244,2,61,5214,2706,33910,2564,45
กาฬสินธุ์,419,1616,3106,1717,4306,3225,257,3377,5005,286,164,193,674,149,5,39,3011,2209,27549,2564,46
สกลนคร,462,2517,2480,1442,5017,1537,208,5145,2546,395,236,218,688,261,0,417,4151,2594,27720,2564,47
นครพนม,350,1438,1359,156,3716,1141,1231,2265,2840,381,148,409,1014,160,1,613,3605,1707,20827,2564,48
มุกดาหาร,174,863,2431,180,1898,983,493,1988,1116,194,387,150,691,66,6,30,1761,918,13411,2564,49
เชียงใหม่,1338,5499,5109,2677,5179,1720,136,12609,8936,1099,1893,1327,4431,501,13,61,14761,5008,67289,2564,50
ลำพูน,547,1581,1779,1407,1500,391,62,4176,2468,290,819,199,966,185,0,27,3592,1547,19989,2564,51
ลำปาง,686,2056,2334,290,2373,1115,524,4202,5385,704,1316,458,2432,154,3,11,7271,2578,31314,2564,52
อุตรดิตถ์,164,521,735,182,869,260,205,1783,732,138,184,75,509,83,0,3,1721,727,8164,2564,53
แพร่,310,1084,1633,191,1302,368,173,2302,2135,113,218,182,286,137,0,13,1384,1017,11831,2564,54
น่าน,239,1482,1726,1514,1182,473,687,2361,3007,319,97,205,1498,167,1,27,4631,1542,19616,2564,55
พะเยา,391,1673,1801,938,1675,666,603,3661,2597,258,261,296,589,215,1,25,2880,1609,18530,2564,56
เชียงราย,660,3263,2972,1201,3961,1037,401,7632,5212,486,414,418,1747,440,4,53,5814,3863,35715,2564,57
แม่ฮ่องสอน,101,780,175,60,694,220,221,2094,1614,95,87,101,298,117,0,10,1423,786,8090,2564,58
นครสวรรค์,911,1571,1214,686,3057,1623,207,5554,5069,400,160,292,988,422,3,15,3205,2608,25377,2564,60
อุทัยธานี,346,984,764,105,856,509,219,1612,1392,231,28,59,179,128,1,4,819,887,8236,2564,61
กำแพงเพชร,290,2136,1003,1584,1743,656,192,2585,1795,158,225,112,520,216,1,6,1963,1709,15185,2564,62
ตาก,313,1041,561,325,1693,408,397,2482,1770,125,367,190,635,156,3,16,2531,1443,13013,2564,63
สุโขทัย,512,1058,1736,115,1842,467,551,3157,1744,222,139,124,269,172,1,12,2086,1469,14207,2564,64
พิษณุโลก,940,1673,1713,520,2468,617,271,4647,2907,522,447,369,1462,274,2,10,4508,2242,23350,2564,65
พิจิตร,679,832,628,229,1468,828,507,2520,1947,170,288,112,455,145,1,5,2101,1092,12915,2564,66
เพชรบูรณ์,549,1657,1901,880,3286,1195,287,3921,2342,402,397,230,713,217,0,6,3708,2128,21691,2564,67
ราชบุรี,801,864,966,667,2296,961,1105,2935,2782,484,553,396,1333,275,8,42,7277,2132,23745,2564,70
กาญจนบุรี,422,960,1061,182,1893,534,251,2641,1764,235,188,203,655,391,1,4,3005,1931,14390,2564,71
สุพรรณบุรี,736,995,1458,122,2287,691,97,3971,2399,379,258,229,893,354,5,19,3324,2270,18217,2564,72
นครปฐม,507,426,477,232,1974,635,1380,2740,2163,289,247,284,896,217,7,33,3322,1431,15829,2564,73
สมุทรสาคร,367,363,262,246,1060,399,240,1974,1431,280,383,272,1043,93,3,46,3429,729,11891,2564,74
สมุทรสงคราม,110,56,114,17,502,119,240,497,458,40,35,86,248,41,2,4,725,333,3294,2564,75
เพชรบุรี,232,235,1005,353,1318,262,93,1935,977,160,127,195,777,165,2,5,2790,1073,10631,2564,76
ประจวบคีรีขันธ์,376,511,1052,870,1775,429,304,2492,1570,409,231,320,840,185,2,7,3254,1427,14627,2564,77
นครศรีธรรมราช,1035,1024,3021,754,5860,3049,995,5379,8923,808,714,487,1951,504,4,270,8799,4178,43577,2564,80
กระบี่,173,188,661,508,1670,725,251,1554,1562,281,154,242,577,93,1,10,2511,1122,11161,2564,81
พังงา,250,324,650,420,1180,353,170,1775,1401,235,352,99,578,74,18,173,2025,774,10077,2564,82
ภูเก็ต,286,254,229,85,810,411,101,1742,1403,217,215,472,914,79,4,10,3087,1037,10319,2564,83
สุราษฎร์ธานี,843,1400,3054,964,3793,1599,79,4763,6439,823,869,616,2238,466,4,35,6795,3308,34780,2564,84
ระนอง,127,163,282,347,603,245,442,1043,919,119,17,128,261,68,2,2,1098,527,5866,2564,85
ชุมพร,263,599,1103,852,1653,707,284,1709,1777,273,96,200,682,88,3,6,2076,1306,12371,2564,86
สงขลา,1005,1153,2716,3473,4295,2205,127,6670,7585,658,769,547,2505,536,5,30,8018,3332,42297,2564,90
สตูล,121,105,307,386,1130,441,285,1646,2055,97,139,82,331,66,0,5,1193,735,8389,2564,91
ตรัง,264,664,925,90,2146,1001,292,3358,3065,162,80,154,571,246,0,15,2721,1772,15754,2564,92
พัทลุง,313,438,876,603,1717,1085,430,2957,3679,116,128,103,410,136,2,11,1866,1174,14870,2564,93
ปัตตานี,220,131,515,2107,2704,555,353,1853,2954,189,137,128,279,53,0,9,1968,1036,14155,2564,94
ยะลา,161,140,449,144,1824,541,423,1921,1976,181,160,164,379,83,1,7,1436,1077,9990,2564,95
นราธิวาส,132,141,477,5076,2618,880,83,2483,2035,205,207,99,411,104,2,12,1380,1125,16345,2564,96
ไม่ระบุจังหวัด,10537,69435,29525,127876,70200,21429,5182,72259,89172,5887,8705,4603,15670,4680,36,350,105538,37869,641084,2564,0
รวม,51907,185045,155631,204984,284273,102703,34675,353267,338145,35270,31512,28973,93229,22099,410,3799,402386,189392,2328308,2564,0
กรุงเทพมหานคร,3278,1877,2048,3277,14078,3401,3100,17592,15402,2107,1163,3069,5838,200,117,159,9423,7549,93678,2565,10
สมุทรปราการ,355,740,570,593,2567,690,339,4377,3973,1139,882,3904,5095,118,7,58,4289,2387,32083,2565,11
นนทบุรี,1040,1255,924,1520,9206,1384,2763,10460,7105,890,359,973,1870,205,13,19,6965,2657,49608,2565,12
ปทุมธานี,310,973,1069,2812,2284,650,361,3837,2565,185,228,303,822,91,1,11,5004,1937,23443,2565,13
พระนครศรีอยุธยา,337,981,1538,1504,2268,1083,448,3889,2976,218,138,278,715,118,1,3,3465,1601,21561,2565,14
อ่างทอง,190,4715,634,3998,1140,199,160,2493,1147,177,121,310,454,34,0,3,1563,525,17863,2565,15
ลพบุรี,538,963,1127,869,2465,982,199,4136,3591,286,622,412,1097,136,0,1,4978,1805,24207,2565,16
สิงห์บุรี,495,307,323,227,803,400,128,2678,1768,79,50,73,350,31,0,6,3373,532,11623,2565,17
ชัยนาท,345,414,705,690,1209,377,53,2356,2718,54,24,50,155,46,3,6,6059,975,16239,2565,18
สระบุรี,463,2927,391,732,2684,530,277,3757,2802,222,531,336,1126,105,1,3,5077,1916,23880,2565,19
ชลบุรี,901,1411,991,1283,3405,1916,594,5914,5244,580,327,757,1206,165,3,76,8001,4290,37064,2565,20
ระยอง,998,713,823,706,1357,1133,390,2805,4470,107,102,187,574,175,2,13,3402,2609,20566,2565,21
จันทบุรี,420,980,582,1199,2000,769,513,3214,2624,252,324,209,803,169,14,4,3734,2105,19915,2565,22
ตราด,169,494,407,467,762,343,103,1456,979,105,177,60,243,36,0,0,1294,812,7907,2565,23
ฉะเชิงเทรา,434,1387,1083,1658,2048,994,366,3423,1914,332,241,199,1197,83,4,5,3735,1876,20979,2565,24
ปราจีนบุรี,290,1189,458,934,1653,359,126,1554,1564,123,82,134,432,48,1,0,2808,1416,13171,2565,25
นครนายก,284,382,582,3348,970,194,158,1232,1311,120,98,202,418,30,1,5,1307,755,11397,2565,26
สระแก้ว,172,1308,864,1016,2428,961,306,2190,1901,309,111,318,572,54,2,5,2111,1167,15795,2565,27
นครราชสีมา,2182,12082,3222,12139,11530,5285,1757,17180,13507,875,536,1039,2964,300,10,27,16565,7752,108952,2565,30
บุรีรัมย์,969,5803,2985,1752,8953,2873,651,7380,4890,362,448,333,2450,333,5,20,5784,5322,51313,2565,31
สุรินทร์,576,5165,1882,3205,6476,2732,234,9168,5119,239,255,336,1682,142,2,11,6722,3593,47539,2565,32
ศรีสะเกษ,947,7046,2839,2958,8073,5068,453,7027,8669,522,197,453,2411,125,4,13,5809,4324,56938,2565,33
อุบลราชธานี,1203,4107,2698,3664,7113,2735,477,8332,10935,404,203,382,3546,63,1,8,10672,7618,64161,2565,34
ยโสธร,158,1905,1488,2171,3585,1587,155,3161,2360,428,230,178,1381,28,3,0,1771,1894,22483,2565,35
ชัยภูมิ,321,3606,2892,4507,4536,2992,254,6015,4361,256,241,271,1091,115,1,11,4753,2739,38962,2565,36
อำนาจเจริญ,74,948,828,347,2244,742,144,1975,1909,72,123,142,774,29,1,1,1655,1087,13095,2565,37
บึงกาฬ,138,804,1896,766,2187,700,120,1179,979,68,22,133,218,60,0,54,1298,1036,11658,2565,38
หนองบัวลำภู,662,850,529,594,2061,692,95,2122,1514,99,39,73,205,37,0,0,1225,1011,11808,2565,39
ขอนแก่น,2234,4755,3906,7331,9220,4027,1212,9581,13259,641,372,911,1970,271,22,24,8723,5823,74282,2565,40
อุดรธานี,714,3028,2935,2417,6458,1784,531,4410,4470,304,144,399,547,75,1,3,5428,4282,37930,2565,41
เลย,345,2411,3050,2432,4141,1700,326,3857,6282,218,267,252,888,121,2,23,4105,2049,32469,2565,42
หนองคาย,94,786,828,897,1765,1016,145,1801,1201,131,51,211,383,55,1,1,2628,1264,13258,2565,43
มหาสารคาม,568,7653,2026,11436,2898,2143,242,4067,2917,142,101,224,691,61,6,4,2838,2485,40502,2565,44
ร้อยเอ็ด,365,3348,2875,2507,7129,3500,259,4301,5407,368,136,537,1927,188,0,12,5099,3665,41623,2565,45
กาฬสินธุ์,253,3788,2301,3443,4738,4079,233,3326,5124,142,101,147,646,111,2,5,4685,2386,35510,2565,46
สกลนคร,349,11210,2182,13240,5911,1846,342,4726,2807,192,108,183,630,116,4,121,5231,2994,52192,2565,47
นครพนม,204,1342,1193,619,4469,1420,332,2382,2978,211,72,487,1144,74,0,32,2264,1824,21047,2565,48
มุกดาหาร,151,867,857,429,2440,1346,130,2770,1124,49,302,176,958,11,10,2,968,1077,13667,2565,49
เชียงใหม่,3001,6581,3420,7816,6965,2687,2593,21574,14833,1076,1868,2698,6892,181,28,58,14053,8219,104543,2565,50
ลำพูน,503,1266,885,700,1808,480,254,6314,3020,248,623,144,990,67,0,8,3527,1788,22625,2565,51
ลำปาง,819,2210,1646,725,3043,1454,483,4993,7651,739,1198,465,3076,83,2,2,5310,3369,37268,2565,52
อุตรดิตถ์,496,1046,1127,909,1700,532,312,3899,1788,269,469,288,1874,42,11,2,2541,1674,18979,2565,53
แพร่,250,1490,2314,779,2216,632,290,3008,3513,120,319,284,498,65,1,5,3111,1599,20494,2565,54
น่าน,289,1985,1803,835,1798,635,453,3134,4097,284,103,256,2056,58,7,9,3568,1925,23295,2565,55
พะเยา,245,1452,651,924,2025,749,276,3961,2883,175,201,269,735,66,0,3,4545,1521,20681,2565,56
เชียงราย,756,3129,2645,4103,4901,1343,631,9964,6800,340,591,639,2645,159,2,12,5194,4382,48236,2565,57
แม่ฮ่องสอน,71,948,128,683,860,316,115,2836,2021,46,68,72,256,67,0,2,2366,985,11840,2565,58
นครสวรรค์,449,1539,1155,1472,4516,2318,449,7813,7777,325,230,443,1713,153,7,25,8897,3302,42583,2565,60
อุทัยธานี,240,1003,1310,822,1026,648,91,2037,1756,137,37,62,236,45,3,3,5494,1094,16044,2565,61
กำแพงเพชร,180,2037,1090,2568,1996,922,218,3270,2316,121,179,122,535,143,0,5,4986,2326,23014,2565,62
ตาก,265,1338,686,1147,1856,740,318,3295,2279,113,699,272,718,47,3,0,2150,1773,17699,2565,63
สุโขทัย,405,1071,2094,747,2059,596,248,3989,2103,197,167,198,299,57,0,9,3173,1561,18973,2565,64
พิษณุโลก,1512,1686,1871,2364,3235,844,583,6159,4907,392,473,708,2526,103,1,7,8261,3052,38684,2565,65
พิจิตร,245,883,783,486,1917,1046,203,2895,2181,144,449,226,666,38,0,0,4124,1339,17625,2565,66
เพชรบูรณ์,293,1478,1894,1709,3631,1591,246,4438,2931,514,298,285,823,101,0,6,5980,2238,28456,2565,67
ราชบุรี,374,820,870,1309,2300,1058,577,4765,3432,293,531,588,1568,89,15,43,4642,2609,25883,2565,70
กาญจนบุรี,363,1731,1689,8691,2502,831,346,4205,2741,310,251,328,1013,106,0,4,8648,2626,36385,2565,71
สุพรรณบุรี,632,854,1275,1590,2432,820,290,4808,3095,327,229,253,1093,140,3,5,5716,2607,26169,2565,72
นครปฐม,627,632,379,2648,1963,912,420,3089,2756,201,236,283,1087,99,4,12,4844,2385,22577,2565,73
สมุทรสาคร,645,622,286,386,1235,673,294,3688,2838,323,686,557,1968,118,1,44,2708,1461,18533,2565,74
สมุทรสงคราม,122,76,217,1657,714,178,75,834,757,48,41,87,371,16,0,0,962,420,6575,2565,75
เพชรบุรี,190,286,676,347,1695,314,172,2395,1181,124,130,152,774,112,5,2,2333,1233,12121,2565,76
ประจวบคีรีขันธ์,347,516,986,1021,2101,507,337,3042,2000,418,197,361,1024,93,2,1,1781,1667,16401,2565,77
นครศรีธรรมราช,857,811,1950,2582,5481,3352,1071,5265,8392,532,613,545,2181,126,1,19,9111,4540,47429,2565,80
กระบี่,166,163,436,643,1888,764,203,1578,1561,222,144,288,544,35,1,2,725,1257,10620,2565,81
พังงา,196,304,505,598,1248,357,170,1920,1388,82,158,59,420,36,10,1,1569,720,9741,2565,82
ภูเก็ต,398,247,175,752,793,505,541,1986,1814,215,194,586,1032,27,5,3,1280,1348,11901,2565,83
สุราษฎร์ธานี,899,1567,2833,4124,5592,2342,1021,6730,7951,570,349,291,1424,185,5,15,7299,3875,47072,2565,84
ระนอง,55,141,250,228,663,348,103,1665,986,58,8,145,268,14,2,0,850,532,6316,2565,85
ชุมพร,296,474,1103,1108,2091,986,373,2425,2385,270,143,288,942,55,0,3,3181,1918,18041,2565,86
สงขลา,1192,1755,2761,10638,5839,3143,1993,10432,10815,629,562,1125,3148,196,15,6,7991,4314,66554,2565,90
สตูล,127,90,178,822,1068,456,186,1844,2288,101,150,88,330,27,0,5,1581,735,10076,2565,91
ตรัง,315,885,879,3709,2445,1258,437,3900,3762,52,82,177,796,137,0,6,1689,2015,22544,2565,92
พัทลุง,271,409,772,834,1702,1064,533,3472,4115,104,239,129,633,79,1,8,3101,1398,18864,2565,93
ปัตตานี,189,2577,298,3247,2689,523,324,1956,2924,177,181,189,272,37,0,4,1831,1040,18458,2565,94
ยะลา,130,140,275,724,1793,548,310,2324,2484,165,163,253,495,17,0,7,2039,1195,13062,2565,95
นราธิวาส,124,108,263,6128,2952,1030,161,3122,2773,189,229,196,522,55,1,16,2459,1376,21704,2565,96
ไม่ระบุจังหวัด,2192,27453,31588,18793,58258,7145,4210,8590,17032,2395,1824,3652,5509,615,13,121,17017,19929,226336,2565,0
รวม,44252,178323,134677,205055,314250,111279,40386,359737,326192,26053,24840,36692,103425,8048,394,1232,355448,204486,2474769,2565,0
กรุงเทพมหานคร,4495,3006,2601,4200,15415,3490,3545,17040,16454,2640,1188,3557,5853,1565,87,169,16369,6959,108633,2566,10
สมุทรปราการ,1249,1545,1235,1576,4884,1327,719,6786,6616,1783,1232,3363,5786,620,18,66,9089,3387,51281,2566,11
นนทบุรี,1581,925,651,1446,4127,970,1532,7373,6730,1028,485,1066,2240,592,15,30,9669,2823,43283,2566,12
ปทุมธานี,746,694,594,1666,3293,826,677,4459,3841,462,300,605,1078,277,9,17,6921,1768,28233,2566,13
พระนครศรีอยุธยา,783,1570,2965,2440,3073,1502,641,5160,4335,502,332,536,1213,624,4,8,5596,2254,33538,2566,14
อ่างทอง,476,988,895,1464,1220,248,180,2779,1472,260,140,338,513,196,1,3,2219,688,14080,2566,15
ลพบุรี,936,1381,1954,1402,2693,1154,287,4784,4695,487,787,605,1423,615,1,3,7010,2217,32434,2566,16
สิงห์บุรี,781,417,511,384,915,460,186,2298,2027,169,82,130,521,154,2,10,3438,634,13119,2566,17
ชัยนาท,987,635,1211,946,1628,620,130,3406,3807,240,76,171,462,246,9,11,7982,1327,23894,2566,18
สระบุรี,667,3136,813,1249,3391,706,430,4597,3705,579,700,489,1322,445,4,4,7142,2350,31729,2566,19
ชลบุรี,1174,2168,1808,2182,4769,2404,796,6848,7502,1021,556,1319,1795,1093,6,113,12328,5266,53148,2566,20
ระยอง,723,1166,1315,1941,2082,1477,586,4001,5763,223,176,360,853,682,6,14,5712,3462,30542,2566,21
จันทบุรี,668,1474,874,1676,2511,970,720,4136,3677,380,448,298,997,745,16,9,5086,2542,27227,2566,22
ตราด,279,950,658,961,996,505,192,1900,1487,170,350,131,415,189,2,2,2146,1262,12595,2566,23
ฉะเชิงเทรา,722,1538,1572,1888,2568,1128,470,3976,2810,535,422,378,1583,457,5,14,5531,2579,28176,2566,24
ปราจีนบุรี,455,1062,870,747,1717,504,200,1788,1855,237,103,192,552,291,1,3,3089,1639,15305,2566,25
นครนายก,308,500,790,1467,1076,209,147,949,1236,134,76,127,276,148,1,27,1692,795,9958,2566,26
สระแก้ว,520,2066,1574,1385,3334,1193,343,2508,4307,495,293,468,782,427,7,13,3611,1700,25026,2566,27
นครราชสีมา,3617,18088,5141,17849,11907,6158,1954,19230,16055,1996,760,1433,3856,2391,14,40,20654,8889,140032,2566,30
บุรีรัมย์,1644,9515,4990,4167,9535,3853,934,10105,7480,1291,638,538,3355,1221,6,22,9393,6907,75594,2566,31
สุรินทร์,1240,6939,3334,3923,7295,3435,387,10453,8212,594,350,510,2274,787,9,20,9253,4891,63906,2566,32
ศรีสะเกษ,1528,9701,5010,4106,8548,6122,656,9134,12552,919,297,602,2998,992,7,32,6679,5109,74992,2566,33
อุบลราชธานี,1684,7924,6353,6860,11774,4961,1021,11740,17222,1414,418,1217,5684,600,8,48,16156,8598,103682,2566,34
ยโสธร,410,1655,1782,1427,3208,1653,219,3112,2729,598,116,188,1106,175,2,7,2458,1804,22649,2566,35
ชัยภูมิ,1395,4890,5095,4688,5663,3598,552,8016,7363,548,371,510,1620,750,4,33,7879,3979,56954,2566,36
อำนาจเจริญ,345,1644,1638,818,2418,1113,227,2721,2814,248,205,240,1036,186,6,7,2685,1459,19810,2566,37
บึงกาฬ,251,1063,2911,1100,2018,826,138,1362,1508,122,35,200,363,301,1,41,2231,1213,15684,2566,38
หนองบัวลำภู,399,1543,1151,1164,2683,1011,172,2661,2453,225,96,149,374,222,0,2,2165,1544,18014,2566,39
ขอนแก่น,2594,6871,6801,6184,9256,4471,933,9267,14243,969,707,1089,2676,1184,16,71,13589,6340,87261,2566,40
อุดรธานี,1321,4174,5950,3486,8064,2571,802,5960,6998,677,264,664,970,592,5,12,8511,5186,56207,2566,41
เลย,611,2097,2734,1274,3181,1613,271,3134,5906,356,254,283,752,610,5,16,4430,2310,29837,2566,42
หนองคาย,407,1268,1539,1112,2194,1196,230,2113,2096,260,117,286,529,259,4,5,3906,1584,19105,2566,43
มหาสารคาม,1110,5256,3763,5849,3965,2903,453,5107,4396,411,205,423,1106,301,24,19,5247,3773,44311,2566,44
ร้อยเอ็ด,808,3766,3872,2632,7366,3550,323,5314,6334,499,167,571,1940,509,2,23,7392,3917,48985,2566,45
กาฬสินธุ์,757,2446,4145,2094,5765,4648,428,4488,7249,372,214,368,1115,560,11,18,6687,3283,44648,2566,46
สกลนคร,900,3483,3666,4548,6681,2312,516,5493,4475,476,193,375,985,590,4,130,7766,3792,46385,2566,47
นครพนม,616,2044,2380,1135,5083,1889,445,3108,4283,500,126,703,1466,387,3,26,4036,2369,30599,2566,48
มุกดาหาร,293,1272,1529,868,2435,1265,132,2788,1602,242,437,270,1178,126,12,0,1632,1303,17384,2566,49
เชียงใหม่,2141,8049,4712,8293,8254,2787,2024,17840,14227,1422,2532,2257,6725,1034,29,87,15759,7104,105276,2566,50
ลำพูน,936,2179,2070,1217,2204,603,440,6286,4067,411,1276,455,1578,379,3,13,6029,2436,32582,2566,51
ลำปาง,1310,2983,2672,1230,3279,1494,629,5414,7864,912,1723,701,3709,351,4,5,6761,3534,44575,2566,52
อุตรดิตถ์,301,926,1428,990,1107,403,140,2421,1294,194,233,140,675,186,1,1,2577,923,13940,2566,53
แพร่,449,1833,2808,1134,1861,632,311,2950,3283,174,352,341,553,330,2,5,3628,1550,22196,2566,54
น่าน,395,2589,2693,1207,1611,800,520,3715,4980,488,170,324,2229,347,9,8,4062,2129,28276,2566,55
พะเยา,705,2364,1457,1226,2503,974,455,5206,4122,387,398,484,1159,459,2,5,7541,2243,31690,2566,56
เชียงราย,1067,4961,4457,6540,5447,1723,744,10242,7826,628,549,668,2307,825,8,19,8317,4760,61088,2566,57
แม่ฮ่องสอน,159,1065,210,857,1037,332,160,3089,2329,144,174,196,455,254,1,16,2661,1022,14161,2566,58
นครสวรรค์,1706,2347,2223,1951,4382,2433,465,7192,7931,618,316,468,1865,873,4,21,10561,3628,48984,2566,60
อุทัยธานี,633,1481,2114,1170,1251,731,138,2303,1982,309,79,120,415,234,4,3,5157,1256,19380,2566,61
กำแพงเพชร,602,2836,1744,2806,2243,909,303,3274,3056,314,256,267,862,537,1,8,4883,2601,27502,2566,62
ตาก,621,1835,1413,1335,2543,831,385,3620,3286,270,891,391,856,355,8,0,3301,2137,24078,2566,63
สุโขทัย,842,1427,3104,1237,2388,721,337,4461,2807,367,225,252,384,335,0,13,4165,1982,25047,2566,64
พิษณุโลก,1809,2228,3113,1646,3508,986,578,5425,4685,667,641,571,2103,541,2,5,9813,2827,41148,2566,65
พิจิตร,1164,1064,1241,698,2226,1104,273,3183,2822,258,514,240,767,327,0,4,4262,1524,21671,2566,66
เพชรบูรณ์,1088,2524,3497,2479,4458,1872,402,5417,4227,799,537,488,1281,523,3,17,6940,3045,39597,2566,67
ราชบุรี,1226,1347,1455,1925,2863,1397,763,5932,5046,679,859,720,1917,572,37,60,7625,3055,37478,2566,70
กาญจนบุรี,697,1341,2077,3140,2431,822,362,4151,3166,350,357,346,924,725,2,10,9052,2614,32567,2566,71
สุพรรณบุรี,1245,1550,3243,2533,3109,1113,433,5872,4088,599,362,370,1398,729,5,14,7158,3356,37177,2566,72
นครปฐม,1157,975,1097,1860,3546,1274,808,4980,4722,547,455,612,1915,552,8,33,6095,3140,33776,2566,73
สมุทรสาคร,500,567,505,523,1374,588,334,3024,2397,362,535,483,1389,227,1,48,2792,1080,16729,2566,74
สมุทรสงคราม,208,108,185,1522,691,209,106,750,859,59,76,133,378,94,2,5,910,480,6775,2566,75
เพชรบุรี,356,449,1309,616,2101,505,261,3066,1839,230,202,278,1024,462,11,6,3030,1697,17442,2566,76
ประจวบคีรีขันธ์,622,711,1676,1415,2613,597,422,3355,2597,560,244,475,1183,407,3,3,2662,2100,21645,2566,77
นครศรีธรรมราช,1800,1559,3994,4812,8045,4719,1647,8657,12585,963,930,711,2837,1047,3,33,13684,6073,74099,2566,80
กระบี่,297,324,1021,1090,2407,1050,350,2227,2543,374,237,392,812,256,2,6,1910,1703,17001,2566,81
พังงา,366,447,1079,1043,1531,567,257,2342,2025,221,327,139,625,157,11,4,2574,1135,14850,2566,82
ภูเก็ต,526,470,402,1387,1164,740,711,2439,2591,295,281,740,1336,210,9,7,3248,1662,18218,2566,83
สุราษฎร์ธานี,1343,2227,4496,5404,5763,2650,942,7726,9815,1049,819,912,3136,1171,9,21,10514,5137,63134,2566,84
ระนอง,155,216,416,398,706,316,135,1645,1185,133,27,170,306,130,2,0,1219,648,7807,2566,85
ชุมพร,422,675,1914,1729,2289,1128,449,2793,2999,376,153,257,818,295,3,4,3781,1997,22082,2566,86
สงขลา,1728,1812,3050,5954,6396,3518,1813,10544,12824,1177,1428,1239,4199,1864,16,17,12292,5892,75763,2566,90
สตูล,309,156,523,3776,1524,666,324,2551,3318,195,251,197,540,151,0,6,2544,1037,18068,2566,91
ตรัง,538,1303,1440,3356,3098,1660,619,4924,5154,226,139,249,1042,626,0,7,2676,2582,29639,2566,92
พัทลุง,585,645,1344,1231,2419,1517,781,4277,5613,174,413,183,742,327,3,10,4263,1719,26246,2566,93
ปัตตานี,353,409,632,2785,3835,799,485,2843,5015,344,417,294,577,144,0,4,3151,1547,23634,2566,94
ยะลา,270,279,494,1281,2317,811,413,3269,4064,322,259,326,766,308,0,29,3346,1603,20157,2566,95
นราธิวาส,259,226,659,6472,3605,1288,283,4084,4513,357,360,322,712,249,2,27,3779,1881,29078,2566,96
ไม่ระบุจังหวัด,1075,3816,2475,4998,6911,2549,619,6062,10214,1227,677,763,1699,794,6,18,13430,4199,61532,2566,0
รวม,71445,185163,173117,199570,299771,128659,44195,399645,408249,43243,34390,43426,121245,41496,553,1690,485531,222940,2904328,2566,0
